{
  "name": "alert-dialog",
  "type": "registry:ui",
  "dependencies": [
    "@radix-ui/react-alert-dialog"
  ],
  "registryDependencies": [
    "button"
  ],
  "files": [
    {
      "path": "ui/alert-dialog.tsx",
      "content": "\"use client\"\n\nimport * as React from \"react\"\nimport * as AlertDialogPrimitive from \"@radix-ui/react-alert-dialog\"\n\nimport { cn } from \"@/lib/utils\"\nimport { buttonVariants } from \"@/registry/default/ui/button\"\n\nconst AlertDialog = AlertDialogPrimitive.Root\n\nconst AlertDialogTrigger = AlertDialogPrimitive.Trigger\n\nconst AlertDialogPortal = AlertDialogPrimitive.Portal\n\nconst AlertDialogOverlay = React.forwardRef<\n  React.ElementRef<typeof AlertDialogPrimitive.Overlay>,\n  React.ComponentPropsWithoutRef<typeof AlertDialogPrimitive.Overlay>\n>(({ className, ...props }, ref) => (\n  <AlertDialogPrimitive.Overlay\n    className={cn(\n      \"fixed inset-0 z-50 bg-black/80  data-[state=open]:animate-in data-[state=closed]:animate-out data-[state=closed]:fade-out-0 data-[state=open]:fade-in-0\",\n      className\n    )}\n    {...props}\n    ref={ref}\n  />\n))\nAlertDialogOverlay.displayName = AlertDialogPrimitive.Overlay.displayName\n\nconst AlertDialogContent = React.forwardRef<\n  React.ElementRef<typeof AlertDialogPrimitive.Content>,\n  React.ComponentPropsWithoutRef<typeof AlertDialogPrimitive.Content>\n>(({ className, ...props }, ref) => (\n  <AlertDialogPortal>\n    <AlertDialogOverlay />\n    <AlertDialogPrimitive.Content\n      ref={ref}\n      className={cn(\n        \"fixed left-[50%] top-[50%] z-50 grid w-full max-w-lg translate-x-[-50%] translate-y-[-50%] gap-4 border bg-background p-6 shadow-lg duration-200 data-[state=open]:animate-in data-[state=closed]:animate-out data-[state=closed]:fade-out-0 data-[state=open]:fade-in-0 data-[state=closed]:zoom-out-95 data-[state=open]:zoom-in-95 data-[state=closed]:slide-out-to-left-1/2 data-[state=closed]:slide-out-to-top-[48%] data-[state=open]:slide-in-from-left-1/2 data-[state=open]:slide-in-from-top-[48%] sm:rounded-lg\",\n        className\n      )}\n      {...props}\n    />\n  </AlertDialogPortal>\n))\nAlertDialogContent.displayName = AlertDialogPrimitive.Content.displayName\n\nconst AlertDialogHeader = ({\n  className,\n  ...props\n}: React.HTMLAttributes<HTMLDivElement>) => (\n  <div\n    className={cn(\n      \"flex flex-col space-y-2 text-center sm:text-left\",\n      className\n    )}\n    {...props}\n  />\n)\nAlertDialogHeader.displayName = \"AlertDialogHeader\"\n\nconst AlertDialogFooter = ({\n  className,\n  ...props\n}: React.HTMLAttributes<HTMLDivElement>) => (\n  <div\n    className={cn(\n      \"flex flex-col-reverse sm:flex-row sm:justify-end sm:space-x-2\",\n      className\n    )}\n    {...props}\n  />\n)\nAlertDialogFooter.displayName = \"AlertDialogFooter\"\n\nconst AlertDialogTitle = React.forwardRef<\n  React.ElementRef<typeof AlertDialogPrimitive.Title>,\n  React.ComponentPropsWithoutRef<typeof AlertDialogPrimitive.Title>\n>(({ className, ...props }, ref) => (\n  <AlertDialogPrimitive.Title\n    ref={ref}\n    className={cn(\"text-lg font-semibold\", className)}\n    {...props}\n  />\n))\nAlertDialogTitle.displayName = AlertDialogPrimitive.Title.displayName\n\nconst AlertDialogDescription = React.forwardRef<\n  React.ElementRef<typeof AlertDialogPrimitive.Description>,\n  React.ComponentPropsWithoutRef<typeof AlertDialogPrimitive.Description>\n>(({ className, ...props }, ref) => (\n  <AlertDialogPrimitive.Description\n    ref={ref}\n    className={cn(\"text-sm text-muted-foreground\", className)}\n    {...props}\n  />\n))\nAlertDialogDescription.displayName =\n  AlertDialogPrimitive.Description.displayName\n\nconst AlertDialogAction = React.forwardRef<\n  React.ElementRef<typeof AlertDialogPrimitive.Action>,\n  React.ComponentPropsWithoutRef<typeof AlertDialogPrimitive.Action>\n>(({ className, ...props }, ref) => (\n  <AlertDialogPrimitive.Action\n    ref={ref}\n    className={cn(buttonVariants(), className)}\n    {...props}\n  />\n))\nAlertDialogAction.displayName = AlertDialogPrimitive.Action.displayName\n\nconst AlertDialogCancel = React.forwardRef<\n  React.ElementRef<typeof AlertDialogPrimitive.Cancel>,\n  React.ComponentPropsWithoutRef<typeof AlertDialogPrimitive.Cancel>\n>(({ className, ...props }, ref) => (\n  <AlertDialogPrimitive.Cancel\n    ref={ref}\n    className={cn(\n      buttonVariants({ variant: \"outline\" }),\n      \"mt-2 sm:mt-0\",\n      className\n    )}\n    {...props}\n  />\n))\nAlertDialogCancel.displayName = AlertDialogPrimitive.Cancel.displayName\n\nexport {\n  AlertDialog,\n  AlertDialogPortal,\n  AlertDialogOverlay,\n  AlertDialogTrigger,\n  AlertDialogContent,\n  AlertDialogHeader,\n  AlertDialogFooter,\n  AlertDialogTitle,\n  AlertDialogDescription,\n  AlertDialogAction,\n  AlertDialogCancel,\n}\n",
      "type": "registry:ui",
      "target": ""
    }
  ]
}