{
  "name": "chart-bar-stacked",
  "type": "registry:block",
  "registryDependencies": [
    "card",
    "chart"
  ],
  "files": [
    {
      "path": "block/chart-bar-stacked.tsx",
      "content": "\"use client\"\n\nimport { TrendingUp } from \"lucide-react\"\nimport { Bar, BarChart, CartesianGrid, XAxis } from \"recharts\"\n\nimport {\n  Card,\n  CardContent,\n  CardDescription,\n  CardFooter,\n  CardHeader,\n  CardTitle,\n} from \"@/registry/default/ui/card\"\nimport {\n  ChartConfig,\n  ChartContainer,\n  ChartLegend,\n  ChartLegendContent,\n  ChartTooltip,\n  ChartTooltipContent,\n} from \"@/registry/default/ui/chart\"\nconst chartData = [\n  { month: \"January\", desktop: 186, mobile: 80 },\n  { month: \"February\", desktop: 305, mobile: 200 },\n  { month: \"March\", desktop: 237, mobile: 120 },\n  { month: \"April\", desktop: 73, mobile: 190 },\n  { month: \"May\", desktop: 209, mobile: 130 },\n  { month: \"June\", desktop: 214, mobile: 140 },\n]\n\nconst chartConfig = {\n  desktop: {\n    label: \"Desktop\",\n    color: \"hsl(var(--chart-1))\",\n  },\n  mobile: {\n    label: \"Mobile\",\n    color: \"hsl(var(--chart-2))\",\n  },\n} satisfies ChartConfig\n\nexport default function Component() {\n  return (\n    <Card>\n      <CardHeader>\n        <CardTitle>Bar Chart - Stacked + Legend</CardTitle>\n        <CardDescription>January - June 2024</CardDescription>\n      </CardHeader>\n      <CardContent>\n        <ChartContainer config={chartConfig}>\n          <BarChart accessibilityLayer data={chartData}>\n            <CartesianGrid vertical={false} />\n            <XAxis\n              dataKey=\"month\"\n              tickLine={false}\n              tickMargin={10}\n              axisLine={false}\n              tickFormatter={(value) => value.slice(0, 3)}\n            />\n            <ChartTooltip content={<ChartTooltipContent hideLabel />} />\n            <ChartLegend content={<ChartLegendContent />} />\n            <Bar\n              dataKey=\"desktop\"\n              stackId=\"a\"\n              fill=\"var(--color-desktop)\"\n              radius={[0, 0, 4, 4]}\n            />\n            <Bar\n              dataKey=\"mobile\"\n              stackId=\"a\"\n              fill=\"var(--color-mobile)\"\n              radius={[4, 4, 0, 0]}\n            />\n          </BarChart>\n        </ChartContainer>\n      </CardContent>\n      <CardFooter className=\"flex-col items-start gap-2 text-sm\">\n        <div className=\"flex gap-2 font-medium leading-none\">\n          Trending up by 5.2% this month <TrendingUp className=\"h-4 w-4\" />\n        </div>\n        <div className=\"leading-none text-muted-foreground\">\n          Showing total visitors for the last 6 months\n        </div>\n      </CardFooter>\n    </Card>\n  )\n}\n",
      "type": "registry:block",
      "target": ""
    }
  ]
}