{
  "name": "collapsible",
  "type": "registry:ui",
  "dependencies": [
    "@radix-ui/react-collapsible"
  ],
  "files": [
    {
      "path": "ui/collapsible.tsx",
      "content": "\"use client\"\n\nimport * as CollapsiblePrimitive from \"@radix-ui/react-collapsible\"\n\nconst Collapsible = CollapsiblePrimitive.Root\n\nconst CollapsibleTrigger = CollapsiblePrimitive.CollapsibleTrigger\n\nconst CollapsibleContent = CollapsiblePrimitive.CollapsibleContent\n\nexport { Collapsible, CollapsibleTrigger, CollapsibleContent }\n",
      "type": "registry:ui",
      "target": ""
    }
  ]
}