{
  "name": "dropdown-menu",
  "type": "registry:ui",
  "dependencies": [
    "@radix-ui/react-dropdown-menu"
  ],
  "files": [
    {
      "path": "ui/dropdown-menu.tsx",
      "content": "\"use client\"\n\nimport * as React from \"react\"\nimport * as DropdownMenuPrimitive from \"@radix-ui/react-dropdown-menu\"\nimport { Check, ChevronRight, Circle } from \"lucide-react\"\n\nimport { cn } from \"@/lib/utils\"\n\nconst DropdownMenu = DropdownMenuPrimitive.Root\n\nconst DropdownMenuTrigger = DropdownMenuPrimitive.Trigger\n\nconst DropdownMenuGroup = DropdownMenuPrimitive.Group\n\nconst DropdownMenuPortal = DropdownMenuPrimitive.Portal\n\nconst DropdownMenuSub = DropdownMenuPrimitive.Sub\n\nconst DropdownMenuRadioGroup = DropdownMenuPrimitive.RadioGroup\n\nconst DropdownMenuSubTrigger = React.forwardRef<\n  React.ElementRef<typeof DropdownMenuPrimitive.SubTrigger>,\n  React.ComponentPropsWithoutRef<typeof DropdownMenuPrimitive.SubTrigger> & {\n    inset?: boolean\n  }\n>(({ className, inset, children, ...props }, ref) => (\n  <DropdownMenuPrimitive.SubTrigger\n    ref={ref}\n    className={cn(\n      \"flex cursor-default select-none items-center rounded-sm px-2 py-1.5 text-sm outline-none focus:bg-accent data-[state=open]:bg-accent\",\n      inset && \"pl-8\",\n      className\n    )}\n    {...props}\n  >\n    {children}\n    <ChevronRight className=\"ml-auto h-4 w-4\" />\n  </DropdownMenuPrimitive.SubTrigger>\n))\nDropdownMenuSubTrigger.displayName =\n  DropdownMenuPrimitive.SubTrigger.displayName\n\nconst DropdownMenuSubContent = React.forwardRef<\n  React.ElementRef<typeof DropdownMenuPrimitive.SubContent>,\n  React.ComponentPropsWithoutRef<typeof DropdownMenuPrimitive.SubContent>\n>(({ className, ...props }, ref) => (\n  <DropdownMenuPrimitive.SubContent\n    ref={ref}\n    className={cn(\n      \"z-50 min-w-[8rem] overflow-hidden rounded-md border bg-popover p-1 text-popover-foreground shadow-lg data-[state=open]:animate-in data-[state=closed]:animate-out data-[state=closed]:fade-out-0 data-[state=open]:fade-in-0 data-[state=closed]:zoom-out-95 data-[state=open]:zoom-in-95 data-[side=bottom]:slide-in-from-top-2 data-[side=left]:slide-in-from-right-2 data-[side=right]:slide-in-from-left-2 data-[side=top]:slide-in-from-bottom-2\",\n      className\n    )}\n    {...props}\n  />\n))\nDropdownMenuSubContent.displayName =\n  DropdownMenuPrimitive.SubContent.displayName\n\nconst DropdownMenuContent = React.forwardRef<\n  React.ElementRef<typeof DropdownMenuPrimitive.Content>,\n  React.ComponentPropsWithoutRef<typeof DropdownMenuPrimitive.Content>\n>(({ className, sideOffset = 4, ...props }, ref) => (\n  <DropdownMenuPrimitive.Portal>\n    <DropdownMenuPrimitive.Content\n      ref={ref}\n      sideOffset={sideOffset}\n      className={cn(\n        \"z-50 min-w-[8rem] overflow-hidden rounded-md border bg-popover p-1 text-popover-foreground shadow-md data-[state=open]:animate-in data-[state=closed]:animate-out data-[state=closed]:fade-out-0 data-[state=open]:fade-in-0 data-[state=closed]:zoom-out-95 data-[state=open]:zoom-in-95 data-[side=bottom]:slide-in-from-top-2 data-[side=left]:slide-in-from-right-2 data-[side=right]:slide-in-from-left-2 data-[side=top]:slide-in-from-bottom-2\",\n        className\n      )}\n      {...props}\n    />\n  </DropdownMenuPrimitive.Portal>\n))\nDropdownMenuContent.displayName = DropdownMenuPrimitive.Content.displayName\n\nconst DropdownMenuItem = React.forwardRef<\n  React.ElementRef<typeof DropdownMenuPrimitive.Item>,\n  React.ComponentPropsWithoutRef<typeof DropdownMenuPrimitive.Item> & {\n    inset?: boolean\n  }\n>(({ className, inset, ...props }, ref) => (\n  <DropdownMenuPrimitive.Item\n    ref={ref}\n    className={cn(\n      \"relative flex cursor-default select-none items-center rounded-sm px-2 py-1.5 text-sm outline-none transition-colors focus:bg-accent focus:text-accent-foreground data-[disabled]:pointer-events-none data-[disabled]:opacity-50\",\n      inset && \"pl-8\",\n      className\n    )}\n    {...props}\n  />\n))\nDropdownMenuItem.displayName = DropdownMenuPrimitive.Item.displayName\n\nconst DropdownMenuCheckboxItem = React.forwardRef<\n  React.ElementRef<typeof DropdownMenuPrimitive.CheckboxItem>,\n  React.ComponentPropsWithoutRef<typeof DropdownMenuPrimitive.CheckboxItem>\n>(({ className, children, checked, ...props }, ref) => (\n  <DropdownMenuPrimitive.CheckboxItem\n    ref={ref}\n    className={cn(\n      \"relative flex cursor-default select-none items-center rounded-sm py-1.5 pl-8 pr-2 text-sm outline-none transition-colors focus:bg-accent focus:text-accent-foreground data-[disabled]:pointer-events-none data-[disabled]:opacity-50\",\n      className\n    )}\n    checked={checked}\n    {...props}\n  >\n    <span className=\"absolute left-2 flex h-3.5 w-3.5 items-center justify-center\">\n      <DropdownMenuPrimitive.ItemIndicator>\n        <Check className=\"h-4 w-4\" />\n      </DropdownMenuPrimitive.ItemIndicator>\n    </span>\n    {children}\n  </DropdownMenuPrimitive.CheckboxItem>\n))\nDropdownMenuCheckboxItem.displayName =\n  DropdownMenuPrimitive.CheckboxItem.displayName\n\nconst DropdownMenuRadioItem = React.forwardRef<\n  React.ElementRef<typeof DropdownMenuPrimitive.RadioItem>,\n  React.ComponentPropsWithoutRef<typeof DropdownMenuPrimitive.RadioItem>\n>(({ className, children, ...props }, ref) => (\n  <DropdownMenuPrimitive.RadioItem\n    ref={ref}\n    className={cn(\n      \"relative flex cursor-default select-none items-center rounded-sm py-1.5 pl-8 pr-2 text-sm outline-none transition-colors focus:bg-accent focus:text-accent-foreground data-[disabled]:pointer-events-none data-[disabled]:opacity-50\",\n      className\n    )}\n    {...props}\n  >\n    <span className=\"absolute left-2 flex h-3.5 w-3.5 items-center justify-center\">\n      <DropdownMenuPrimitive.ItemIndicator>\n        <Circle className=\"h-2 w-2 fill-current\" />\n      </DropdownMenuPrimitive.ItemIndicator>\n    </span>\n    {children}\n  </DropdownMenuPrimitive.RadioItem>\n))\nDropdownMenuRadioItem.displayName = DropdownMenuPrimitive.RadioItem.displayName\n\nconst DropdownMenuLabel = React.forwardRef<\n  React.ElementRef<typeof DropdownMenuPrimitive.Label>,\n  React.ComponentPropsWithoutRef<typeof DropdownMenuPrimitive.Label> & {\n    inset?: boolean\n  }\n>(({ className, inset, ...props }, ref) => (\n  <DropdownMenuPrimitive.Label\n    ref={ref}\n    className={cn(\n      \"px-2 py-1.5 text-sm font-semibold\",\n      inset && \"pl-8\",\n      className\n    )}\n    {...props}\n  />\n))\nDropdownMenuLabel.displayName = DropdownMenuPrimitive.Label.displayName\n\nconst DropdownMenuSeparator = React.forwardRef<\n  React.ElementRef<typeof DropdownMenuPrimitive.Separator>,\n  React.ComponentPropsWithoutRef<typeof DropdownMenuPrimitive.Separator>\n>(({ className, ...props }, ref) => (\n  <DropdownMenuPrimitive.Separator\n    ref={ref}\n    className={cn(\"-mx-1 my-1 h-px bg-muted\", className)}\n    {...props}\n  />\n))\nDropdownMenuSeparator.displayName = DropdownMenuPrimitive.Separator.displayName\n\nconst DropdownMenuShortcut = ({\n  className,\n  ...props\n}: React.HTMLAttributes<HTMLSpanElement>) => {\n  return (\n    <span\n      className={cn(\"ml-auto text-xs tracking-widest opacity-60\", className)}\n      {...props}\n    />\n  )\n}\nDropdownMenuShortcut.displayName = \"DropdownMenuShortcut\"\n\nexport {\n  DropdownMenu,\n  DropdownMenuTrigger,\n  DropdownMenuContent,\n  DropdownMenuItem,\n  DropdownMenuCheckboxItem,\n  DropdownMenuRadioItem,\n  DropdownMenuLabel,\n  DropdownMenuSeparator,\n  DropdownMenuShortcut,\n  DropdownMenuGroup,\n  DropdownMenuPortal,\n  DropdownMenuSub,\n  DropdownMenuSubContent,\n  DropdownMenuSubTrigger,\n  DropdownMenuRadioGroup,\n}\n",
      "type": "registry:ui",
      "target": ""
    }
  ]
}