{
  "name": "hover-card",
  "type": "registry:ui",
  "dependencies": [
    "@radix-ui/react-hover-card"
  ],
  "files": [
    {
      "path": "ui/hover-card.tsx",
      "content": "\"use client\"\n\nimport * as React from \"react\"\nimport * as HoverCardPrimitive from \"@radix-ui/react-hover-card\"\n\nimport { cn } from \"@/lib/utils\"\n\nconst HoverCard = HoverCardPrimitive.Root\n\nconst HoverCardTrigger = HoverCardPrimitive.Trigger\n\nconst HoverCardContent = React.forwardRef<\n  React.ElementRef<typeof HoverCardPrimitive.Content>,\n  React.ComponentPropsWithoutRef<typeof HoverCardPrimitive.Content>\n>(({ className, align = \"center\", sideOffset = 4, ...props }, ref) => (\n  <HoverCardPrimitive.Content\n    ref={ref}\n    align={align}\n    sideOffset={sideOffset}\n    className={cn(\n      \"z-50 w-64 rounded-md border bg-popover p-4 text-popover-foreground shadow-md outline-none data-[state=open]:animate-in data-[state=closed]:animate-out data-[state=closed]:fade-out-0 data-[state=open]:fade-in-0 data-[state=closed]:zoom-out-95 data-[state=open]:zoom-in-95 data-[side=bottom]:slide-in-from-top-2 data-[side=left]:slide-in-from-right-2 data-[side=right]:slide-in-from-left-2 data-[side=top]:slide-in-from-bottom-2\",\n      className\n    )}\n    {...props}\n  />\n))\nHoverCardContent.displayName = HoverCardPrimitive.Content.displayName\n\nexport { HoverCard, HoverCardTrigger, HoverCardContent }\n",
      "type": "registry:ui",
      "target": ""
    }
  ]
}