{
  "name": "slider",
  "type": "registry:ui",
  "dependencies": [
    "@radix-ui/react-slider"
  ],
  "files": [
    {
      "path": "ui/slider.tsx",
      "content": "\"use client\"\n\nimport * as React from \"react\"\nimport * as SliderPrimitive from \"@radix-ui/react-slider\"\n\nimport { cn } from \"@/lib/utils\"\n\nconst Slider = React.forwardRef<\n  React.ElementRef<typeof SliderPrimitive.Root>,\n  React.ComponentPropsWithoutRef<typeof SliderPrimitive.Root>\n>(({ className, ...props }, ref) => (\n  <SliderPrimitive.Root\n    ref={ref}\n    className={cn(\n      \"relative flex w-full touch-none select-none items-center\",\n      className\n    )}\n    {...props}\n  >\n    <SliderPrimitive.Track className=\"relative h-2 w-full grow overflow-hidden rounded-full bg-secondary\">\n      <SliderPrimitive.Range className=\"absolute h-full bg-primary\" />\n    </SliderPrimitive.Track>\n    <SliderPrimitive.Thumb className=\"block h-5 w-5 rounded-full border-2 border-primary bg-background ring-offset-background transition-colors focus-visible:outline-none focus-visible:ring-2 focus-visible:ring-ring focus-visible:ring-offset-2 disabled:pointer-events-none disabled:opacity-50\" />\n  </SliderPrimitive.Root>\n))\nSlider.displayName = SliderPrimitive.Root.displayName\n\nexport { Slider }\n",
      "type": "registry:ui",
      "target": ""
    }
  ]
}